participant,condition,investment,investment_return,multiplier,return,RT
660,fair,10,30,1.3,13.0,2.934241400000019
660,fair,1,3,1.4000000000000001,1.4000000000000001,5.184437900000148
